Sponsor,Tier,Logo,Website,Phone,Email,Social
Blue Sky Landscaping LLC,gold,blue-sky-landscaping.png,https://www.blue-skylandscaping.com,(703) 957-3105,office@blue-skylandscaping.com,
Bounce Party NOVA,gold,bounce-party-nova.jpg,https://bouncepartynova.com/,,,
Concentric Private Wealth,gold,concentric-private-wealth.png,https://concentricpw.com,(703) 891-9966,katherine.liola@gmail.com,
Dreams Contractors,gold,dreams-contractors.png,http://dreamscontractors.com/,,,
Little Smiles Pediatric Dentistry,gold,little-smiles.png,https://www.littlesmilesashburn.com,(703) 687-1581,,
Motiv8 Consulting,gold,motiv8-consulting.png,https://motiv8consulting.com/,,,
Pediatric Housecalls,gold,pediatric-housecalls.png,https://pedshousecalls.com/about/,,sdumond@pedshousecalls.com,
Piano Home Group,gold,piano-home-group.png,https://www.thepianohomegroup.com,,patricia@thepianohomegroup.com,
PM Pediatric Urgent Care,gold,pm-pediatric-urgent-care.png,https://pmpediatriccare.com/,,,
Accommodation Home Services,silver,accommodation-home-services.png,https://www.accommodationshs.com/,,,
Bateman Aquatics,silver,bateman-aquatics.jpg,https://www.gomotionapp.com/team/recvaba/page/about,,,
Jennifer Porter Law,silver,jennifer-porter-law.png,https://jenniferporterlaw.com/,,,
Nations Capital Swim Club,silver,nations-capital-swim-club.png,https://www.ncapswim.com/,,,
Primrose School @ Moorefield Station,silver,primrose-moorefield-station.jpg,https://www.primroseschools.com/schools/moorefield-station,,,
Salvetti Law Group,silver,salvetti-law-group.png,https://www.salvettilaw.com,,,
Steampunk,silver,steampunk.png,,,,https://www.instagram.com/steampunkinc/?hl=en
Alvarado Custom Carpentry,bronze,alvarado-custom-carpentry.jpg,https://alvaradocustomcarpentry.com,,,
American Kolache,bronze,american-kolache.png,,,,https://www.facebook.com/p/American-Kolache-Ashburn-61582923328416/
Chick-Fil-A @ Ryan Park,bronze,chick-fil-a-ryan-park.jpg,https://www.chick-fil-a.com/locations/va/ryan-park,,,
Hair Story by Serap,bronze,hair-story-by-serap.png,https://www.hairstorybyserap.com/,,,
Hounds Town,bronze,hounds-town.png,https://houndstownusa.com/,,,
Metro Design Build Group,bronze,metro-design-build.png,https://metrodesignbuildgroup.com/,,,
